<?xml version="1.0" encoding="UTF-8" ?>
<!DOCTYPE mapper
        PUBLIC "-//mybatis.org//DTD Config 3.0//EN"
        "http://mybatis.org/dtd/mybatis-3-mapper.dtd">
<mapper namespace="com.frye.trading.dao.OrderMapper">

    <select id="getOrderById" resultType="com.frye.trading.pojo.model.Order">
        select *
        from tradingsystem.order_form
        where order_id = #{id}
    </select>

    <insert id="addOrder" parameterType="com.frye.trading.pojo.model.Order">
        insert into tradingsystem.order_form (order_id, commodity_id, buyer_id, seller_id, `state`)
        values (#{orderId}, #{commodityId}, #{buyerId}, #{sellerId}, #{state})
    </insert>

    <update id="updateOrder" parameterType="com.frye.trading.pojo.model.Order">
        update tradingsystem.order_form
        <set>
            <if test="state != null">state = #{state},</if>
            <if test="buyerScore != null">buyer_score = #{buyerScore},</if>
            <if test="sellerScore != null">seller_score = #{sellerScore}</if>
        </set>
        <where>
            order_id = #{orderId}
        </where>
    </update>

    <delete id="deleteOrder">
        delete
        from tradingsystem.order_form
        where order_id = #{id}
    </delete>

    <select id="getOrderList" resultType="com.frye.trading.pojo.model.Order" parameterType="map">
        select *
        from tradingsystem.order_form
        <where>
            <if test="params.orderId != null and params.orderId != ''">
                order_id = #{params.orderId}
            </if>
            <if test="params.commodityId != null and params.commodityId != ''">
                and commodity_id = #{params.commodityId}
            </if>
            <if test="params.buyerId != null and params.buyerId != ''">
                and buyer_id = #{params.buyerId}
            </if>
            <if test="params.sellerId != null and params.sellerId != ''">
                and seller_id = #{params.sellerId}
            </if>
            <if test="params.state != null and params.state != ''">
                and `state` = #{params.state}
            </if>
        </where>
        limit #{begin}, #{pageSize}
    </select>

    <select id="getCount" resultType="int" parameterType="map">
        select count(*)
        from tradingsystem.order_form
        <where>
            <if test="params.orderId != null and params.orderId != ''">
                order_id = #{params.orderId}
            </if>
            <if test="params.commodityId != null and params.commodityId != ''">
                and commodity_id = #{params.commodityId}
            </if>
            <if test="params.buyerId != null and params.buyerId != ''">
                and buyer_id = #{params.buyerId}
            </if>
            <if test="params.sellerId != null and params.sellerId != ''">
                and seller_id = #{params.sellerId}
            </if>
            <if test="params.state != null and params.state != ''">
                and `state` = #{params.state}
            </if>
        </where>
    </select>

</mapper>